島,しゅるい,体重(g)
トーゲルセン島,アデリーペンギン,3750
トーゲルセン島,アデリーペンギン,3800
トーゲルセン島,アデリーペンギン,3250
トーゲルセン島,アデリーペンギン,
トーゲルセン島,アデリーペンギン,3450
トーゲルセン島,アデリーペンギン,3650
トーゲルセン島,アデリーペンギン,3625
トーゲルセン島,アデリーペンギン,4675
トーゲルセン島,アデリーペンギン,3475
トーゲルセン島,アデリーペンギン,4250
トーゲルセン島,アデリーペンギン,3300
トーゲルセン島,アデリーペンギン,3700
トーゲルセン島,アデリーペンギン,3200
トーゲルセン島,アデリーペンギン,3800
トーゲルセン島,アデリーペンギン,4400
トーゲルセン島,アデリーペンギン,3700
トーゲルセン島,アデリーペンギン,3450
トーゲルセン島,アデリーペンギン,4500
トーゲルセン島,アデリーペンギン,3325
トーゲルセン島,アデリーペンギン,4200
ビスコー島,アデリーペンギン,3400
ビスコー島,アデリーペンギン,3600
ビスコー島,アデリーペンギン,3800
ビスコー島,アデリーペンギン,3950
ビスコー島,アデリーペンギン,3800
ビスコー島,アデリーペンギン,3800
ビスコー島,アデリーペンギン,3550
ビスコー島,アデリーペンギン,3200
ビスコー島,アデリーペンギン,3150
ビスコー島,アデリーペンギン,3950
ドリーム島,アデリーペンギン,3250
ドリーム島,アデリーペンギン,3900
ドリーム島,アデリーペンギン,3300
ドリーム島,アデリーペンギン,3900
ドリーム島,アデリーペンギン,3325
ドリーム島,アデリーペンギン,4150
ドリーム島,アデリーペンギン,3950
ドリーム島,アデリーペンギン,3550
ドリーム島,アデリーペンギン,3300
ドリーム島,アデリーペンギン,4650
ドリーム島,アデリーペンギン,3150
ドリーム島,アデリーペンギン,3900
ドリーム島,アデリーペンギン,3100
ドリーム島,アデリーペンギン,4400
ドリーム島,アデリーペンギン,3000
ドリーム島,アデリーペンギン,4600
ドリーム島,アデリーペンギン,3425
ドリーム島,アデリーペンギン,2975
ドリーム島,アデリーペンギン,3450
ドリーム島,アデリーペンギン,4150
ビスコー島,アデリーペンギン,3500
ビスコー島,アデリーペンギン,4300
ビスコー島,アデリーペンギン,3450
ビスコー島,アデリーペンギン,4050
ビスコー島,アデリーペンギン,2900
ビスコー島,アデリーペンギン,3700
ビスコー島,アデリーペンギン,3550
ビスコー島,アデリーペンギン,3800
ビスコー島,アデリーペンギン,2850
ビスコー島,アデリーペンギン,3750
ビスコー島,アデリーペンギン,3150
ビスコー島,アデリーペンギン,4400
ビスコー島,アデリーペンギン,3600
ビスコー島,アデリーペンギン,4050
ビスコー島,アデリーペンギン,2850
ビスコー島,アデリーペンギン,3950
ビスコー島,アデリーペンギン,3350
ビスコー島,アデリーペンギン,4100
トーゲルセン島,アデリーペンギン,3050
トーゲルセン島,アデリーペンギン,4450
トーゲルセン島,アデリーペンギン,3600
トーゲルセン島,アデリーペンギン,3900
トーゲルセン島,アデリーペンギン,3550
トーゲルセン島,アデリーペンギン,4150
トーゲルセン島,アデリーペンギン,3700
トーゲルセン島,アデリーペンギン,4250
トーゲルセン島,アデリーペンギン,3700
トーゲルセン島,アデリーペンギン,3900
トーゲルセン島,アデリーペンギン,3550
トーゲルセン島,アデリーペンギン,4000
トーゲルセン島,アデリーペンギン,3200
トーゲルセン島,アデリーペンギン,4700
トーゲルセン島,アデリーペンギン,3800
トーゲルセン島,アデリーペンギン,4200
ドリーム島,アデリーペンギン,3350
ドリーム島,アデリーペンギン,3550
ドリーム島,アデリーペンギン,3800
ドリーム島,アデリーペンギン,3500
ドリーム島,アデリーペンギン,3950
ドリーム島,アデリーペンギン,3600
ドリーム島,アデリーペンギン,3550
ドリーム島,アデリーペンギン,4300
ドリーム島,アデリーペンギン,3400
ドリーム島,アデリーペンギン,4450
ドリーム島,アデリーペンギン,3300
ドリーム島,アデリーペンギン,4300
ドリーム島,アデリーペンギン,3700
ドリーム島,アデリーペンギン,4350
ドリーム島,アデリーペンギン,2900
ドリーム島,アデリーペンギン,4100
ビスコー島,アデリーペンギン,3725
ビスコー島,アデリーペンギン,4725
ビスコー島,アデリーペンギン,3075
ビスコー島,アデリーペンギン,4250
ビスコー島,アデリーペンギン,2925
ビスコー島,アデリーペンギン,3550
ビスコー島,アデリーペンギン,3750
ビスコー島,アデリーペンギン,3900
ビスコー島,アデリーペンギン,3175
ビスコー島,アデリーペンギン,4775
ビスコー島,アデリーペンギン,3825
ビスコー島,アデリーペンギン,4600
ビスコー島,アデリーペンギン,3200
ビスコー島,アデリーペンギン,4275
ビスコー島,アデリーペンギン,3900
ビスコー島,アデリーペンギン,4075
トーゲルセン島,アデリーペンギン,2900
トーゲルセン島,アデリーペンギン,3775
トーゲルセン島,アデリーペンギン,3350
トーゲルセン島,アデリーペンギン,3325
トーゲルセン島,アデリーペンギン,3150
トーゲルセン島,アデリーペンギン,3500
トーゲルセン島,アデリーペンギン,3450
トーゲルセン島,アデリーペンギン,3875
トーゲルセン島,アデリーペンギン,3050
トーゲルセン島,アデリーペンギン,4000
トーゲルセン島,アデリーペンギン,3275
トーゲルセン島,アデリーペンギン,4300
トーゲルセン島,アデリーペンギン,3050
トーゲルセン島,アデリーペンギン,4000
トーゲルセン島,アデリーペンギン,3325
トーゲルセン島,アデリーペンギン,3500
ドリーム島,アデリーペンギン,3500
ドリーム島,アデリーペンギン,4475
ドリーム島,アデリーペンギン,3425
ドリーム島,アデリーペンギン,3900
ドリーム島,アデリーペンギン,3175
ドリーム島,アデリーペンギン,3975
ドリーム島,アデリーペンギン,3400
ドリーム島,アデリーペンギン,4250
ドリーム島,アデリーペンギン,3400
ドリーム島,アデリーペンギン,3475
ドリーム島,アデリーペンギン,3050
ドリーム島,アデリーペンギン,3725
ドリーム島,アデリーペンギン,3000
ドリーム島,アデリーペンギン,3650
ドリーム島,アデリーペンギン,4250
ドリーム島,アデリーペンギン,3475
ドリーム島,アデリーペンギン,3450
ドリーム島,アデリーペンギン,3750
ドリーム島,アデリーペンギン,3700
ドリーム島,アデリーペンギン,4000
ビスコー島,ジェンツーペンギン,4500
ビスコー島,ジェンツーペンギン,5700
ビスコー島,ジェンツーペンギン,4450
ビスコー島,ジェンツーペンギン,5700
ビスコー島,ジェンツーペンギン,5400
ビスコー島,ジェンツーペンギン,4550
ビスコー島,ジェンツーペンギン,4800
ビスコー島,ジェンツーペンギン,5200
ビスコー島,ジェンツーペンギン,4400
ビスコー島,ジェンツーペンギン,5150
ビスコー島,ジェンツーペンギン,4650
ビスコー島,ジェンツーペンギン,5550
ビスコー島,ジェンツーペンギン,4650
ビスコー島,ジェンツーペンギン,5850
ビスコー島,ジェンツーペンギン,4200
ビスコー島,ジェンツーペンギン,5850
ビスコー島,ジェンツーペンギン,4150
ビスコー島,ジェンツーペンギン,6300
ビスコー島,ジェンツーペンギン,4800
ビスコー島,ジェンツーペンギン,5350
ビスコー島,ジェンツーペンギン,5700
ビスコー島,ジェンツーペンギン,5000
ビスコー島,ジェンツーペンギン,4400
ビスコー島,ジェンツーペンギン,5050
ビスコー島,ジェンツーペンギン,5000
ビスコー島,ジェンツーペンギン,5100
ビスコー島,ジェンツーペンギン,4100
ビスコー島,ジェンツーペンギン,5650
ビスコー島,ジェンツーペンギン,4600
ビスコー島,ジェンツーペンギン,5550
ビスコー島,ジェンツーペンギン,5250
ビスコー島,ジェンツーペンギン,4700
ビスコー島,ジェンツーペンギン,5050
ビスコー島,ジェンツーペンギン,6050
ビスコー島,ジェンツーペンギン,5150
ビスコー島,ジェンツーペンギン,5400
ビスコー島,ジェンツーペンギン,4950
ビスコー島,ジェンツーペンギン,5250
ビスコー島,ジェンツーペンギン,4350
ビスコー島,ジェンツーペンギン,5350
ビスコー島,ジェンツーペンギン,3950
ビスコー島,ジェンツーペンギン,5700
ビスコー島,ジェンツーペンギン,4300
ビスコー島,ジェンツーペンギン,4750
ビスコー島,ジェンツーペンギン,5550
ビスコー島,ジェンツーペンギン,4900
ビスコー島,ジェンツーペンギン,4200
ビスコー島,ジェンツーペンギン,5400
ビスコー島,ジェンツーペンギン,5100
ビスコー島,ジェンツーペンギン,5300
ビスコー島,ジェンツーペンギン,4850
ビスコー島,ジェンツーペンギン,5300
ビスコー島,ジェンツーペンギン,4400
ビスコー島,ジェンツーペンギン,5000
ビスコー島,ジェンツーペンギン,4900
ビスコー島,ジェンツーペンギン,5050
ビスコー島,ジェンツーペンギン,4300
ビスコー島,ジェンツーペンギン,5000
ビスコー島,ジェンツーペンギン,4450
ビスコー島,ジェンツーペンギン,5550
ビスコー島,ジェンツーペンギン,4200
ビスコー島,ジェンツーペンギン,5300
ビスコー島,ジェンツーペンギン,4400
ビスコー島,ジェンツーペンギン,5650
ビスコー島,ジェンツーペンギン,4700
ビスコー島,ジェンツーペンギン,5700
ビスコー島,ジェンツーペンギン,4650
ビスコー島,ジェンツーペンギン,5800
ビスコー島,ジェンツーペンギン,4700
ビスコー島,ジェンツーペンギン,5550
ビスコー島,ジェンツーペンギン,4750
ビスコー島,ジェンツーペンギン,5000
ビスコー島,ジェンツーペンギン,5100
ビスコー島,ジェンツーペンギン,5200
ビスコー島,ジェンツーペンギン,4700
ビスコー島,ジェンツーペンギン,5800
ビスコー島,ジェンツーペンギン,4600
ビスコー島,ジェンツーペンギン,6000
ビスコー島,ジェンツーペンギン,4750
ビスコー島,ジェンツーペンギン,5950
ビスコー島,ジェンツーペンギン,4625
ビスコー島,ジェンツーペンギン,5450
ビスコー島,ジェンツーペンギン,4725
ビスコー島,ジェンツーペンギン,5350
ビスコー島,ジェンツーペンギン,4750
ビスコー島,ジェンツーペンギン,5600
ビスコー島,ジェンツーペンギン,4600
ビスコー島,ジェンツーペンギン,5300
ビスコー島,ジェンツーペンギン,4875
ビスコー島,ジェンツーペンギン,5550
ビスコー島,ジェンツーペンギン,4950
ビスコー島,ジェンツーペンギン,5400
ビスコー島,ジェンツーペンギン,4750
ビスコー島,ジェンツーペンギン,5650
ビスコー島,ジェンツーペンギン,4850
ビスコー島,ジェンツーペンギン,5200
ビスコー島,ジェンツーペンギン,4925
ビスコー島,ジェンツーペンギン,4875
ビスコー島,ジェンツーペンギン,4625
ビスコー島,ジェンツーペンギン,5250
ビスコー島,ジェンツーペンギン,4850
ビスコー島,ジェンツーペンギン,5600
ビスコー島,ジェンツーペンギン,4975
ビスコー島,ジェンツーペンギン,5500
ビスコー島,ジェンツーペンギン,4725
ビスコー島,ジェンツーペンギン,5500
ビスコー島,ジェンツーペンギン,4700
ビスコー島,ジェンツーペンギン,5500
ビスコー島,ジェンツーペンギン,4575
ビスコー島,ジェンツーペンギン,5500
ビスコー島,ジェンツーペンギン,5000
ビスコー島,ジェンツーペンギン,5950
ビスコー島,ジェンツーペンギン,4650
ビスコー島,ジェンツーペンギン,5500
ビスコー島,ジェンツーペンギン,4375
ビスコー島,ジェンツーペンギン,5850
ビスコー島,ジェンツーペンギン,4875
ビスコー島,ジェンツーペンギン,6000
ビスコー島,ジェンツーペンギン,4925
ビスコー島,ジェンツーペンギン,
ビスコー島,ジェンツーペンギン,4850
ビスコー島,ジェンツーペンギン,5750
ビスコー島,ジェンツーペンギン,5200
ビスコー島,ジェンツーペンギン,5400
ドリーム島,ヒゲペンギン,3500
ドリーム島,ヒゲペンギン,3900
ドリーム島,ヒゲペンギン,3650
ドリーム島,ヒゲペンギン,3525
ドリーム島,ヒゲペンギン,3725
ドリーム島,ヒゲペンギン,3950
ドリーム島,ヒゲペンギン,3250
ドリーム島,ヒゲペンギン,3750
ドリーム島,ヒゲペンギン,4150
ドリーム島,ヒゲペンギン,3700
ドリーム島,ヒゲペンギン,3800
ドリーム島,ヒゲペンギン,3775
ドリーム島,ヒゲペンギン,3700
ドリーム島,ヒゲペンギン,4050
ドリーム島,ヒゲペンギン,3575
ドリーム島,ヒゲペンギン,4050
ドリーム島,ヒゲペンギン,3300
ドリーム島,ヒゲペンギン,3700
ドリーム島,ヒゲペンギン,3450
ドリーム島,ヒゲペンギン,4400
ドリーム島,ヒゲペンギン,3600
ドリーム島,ヒゲペンギン,3400
ドリーム島,ヒゲペンギン,2900
ドリーム島,ヒゲペンギン,3800
ドリーム島,ヒゲペンギン,3300
ドリーム島,ヒゲペンギン,4150
ドリーム島,ヒゲペンギン,3400
ドリーム島,ヒゲペンギン,3800
ドリーム島,ヒゲペンギン,3700
ドリーム島,ヒゲペンギン,4550
ドリーム島,ヒゲペンギン,3200
ドリーム島,ヒゲペンギン,4300
ドリーム島,ヒゲペンギン,3350
ドリーム島,ヒゲペンギン,4100
ドリーム島,ヒゲペンギン,3600
ドリーム島,ヒゲペンギン,3900
ドリーム島,ヒゲペンギン,3850
ドリーム島,ヒゲペンギン,4800
ドリーム島,ヒゲペンギン,2700
ドリーム島,ヒゲペンギン,4500
ドリーム島,ヒゲペンギン,3950
ドリーム島,ヒゲペンギン,3650
ドリーム島,ヒゲペンギン,3550
ドリーム島,ヒゲペンギン,3500
ドリーム島,ヒゲペンギン,3675
ドリーム島,ヒゲペンギン,4450
ドリーム島,ヒゲペンギン,3400
ドリーム島,ヒゲペンギン,4300
ドリーム島,ヒゲペンギン,3250
ドリーム島,ヒゲペンギン,3675
ドリーム島,ヒゲペンギン,3325
ドリーム島,ヒゲペンギン,3950
ドリーム島,ヒゲペンギン,3600
ドリーム島,ヒゲペンギン,4050
ドリーム島,ヒゲペンギン,3350
ドリーム島,ヒゲペンギン,3450
ドリーム島,ヒゲペンギン,3250
ドリーム島,ヒゲペンギン,4050
ドリーム島,ヒゲペンギン,3800
ドリーム島,ヒゲペンギン,3525
ドリーム島,ヒゲペンギン,3950
ドリーム島,ヒゲペンギン,3650
ドリーム島,ヒゲペンギン,3650
ドリーム島,ヒゲペンギン,4000
ドリーム島,ヒゲペンギン,3400
ドリーム島,ヒゲペンギン,3775
ドリーム島,ヒゲペンギン,4100
ドリーム島,ヒゲペンギン,3775
